{
    "__comment": "This model was created with freundTech's Blender2Minecraft converter (BETA)",
    "ambientocclusion": true,
    "elements": [
        {   "__comment": "Cube",
            "from": [ 0.0, 0.0, 0.0 ],
            "to": [ 16.0, 16.0, 16.0 ],
            "faces": {
                "east": { "uv": [ 16.0, 0.0, 0.0, 16.0 ], "texture": "#pumpkin_side", "rotation": 0 },
                "south": { "uv": [ 0.0, 0.0, 16.0, 16.0 ], "texture": "#pumpkin_back", "rotation": 180 },
                "west": { "uv": [ 0.0, 0.0, 16.0, 16.0 ], "texture": "#pumpkin_side", "rotation": 0 },
                "north": { "uv": [ 0.0, 0.0, 16.0, 16.0 ], "texture": "#pumpkin_front", "rotation": 0 },
                "down": { "uv": [ 0.0, 0.0, 16.0, 16.0 ], "texture": "#pumpkin_bottom", "rotation": 0 },
                "up": { "uv": [ 0.0, 0.0, 16.0, 16.0 ], "texture": "#pumpkin_top", "rotation": 180 }
            }
        }
    ],	    "display": {        "thirdperson": {            "rotation": [ 10, -45, 170 ],            "translation": [ 0, 1.5, -2.75 ],            "scale": [ 0.375, 0.375, 0.375 ]        }    }
}